Obs,NoChange.A,NoChange.B,uniar,dtip,dtgmpyq,dtmsmtq,dtlpnag,ipxmca,hsbp,lhmu25,ip,gmpyq,msmtq,lpnag,dipxmca,dhsbp,dlhmu25,dlhur,lhur
-0.012067,0,-0.003691788,0.001175166,0.001146596,-0.000909579,7.16E-05,-0.001302536,-0.00548252,-0.008115814,0.000465264,-0.002776988,-0.004630423,-0.000911217,-0.005160094,-0.00141716,-0.008102606,0.000186975,-0.002025321,0.000148066
-0.016995999,0,-0.000891652,0.001764015,0.002046184,3.17E-05,0.000992124,-0.000802993,-0.000548404,-0.004538464,0.00504241,0.000845311,-0.00323765,0.00146035,-0.001482613,0.001427199,-0.005103394,0.001272194,-0.005093946,0.004205682
-0.019397811,0,-0.003670338,0.001224169,0.001689945,-0.00014372,0.000591833,-0.000757642,0.002777469,-0.002074404,0.009070981,4.00E-06,-0.004630952,-0.000910561,0.001668991,0.000503299,-0.001961322,0.0014167,-0.003653269,0.007833664
-0.021782048,0,-0.003659641,0.005221388,0.005764568,0.00425238,0.004685357,-0.000451467,-0.001898472,0.003932777,0.003666818,0.004038931,-0.001733108,-0.001586008,0.000434747,0.004553952,0.003945548,0.004283022,-0.001999999,0.00220358
0.01197077,0,0.02755508,0.032512823,0.033484792,0.031978895,0.032475995,0.029686072,0.026759679,0.040589833,0.032317992,0.03176907,0.030725076,0.033243783,0.025125374,0.032131444,0.040220881,0.031991988,0.031425252,0.0305319
-0.019133914,0,-0.003643636,0.002376234,0.003583667,0.002257206,0.002547315,-0.000724568,-0.000717752,0.012011048,0.004471453,0.001163049,0.00023356,0.002708283,-0.006149777,0.002029592,0.011976318,0.000917778,-0.000585707,0.003501063
0.011885768,0,0.024608358,0.030893239,0.032114289,0.030757103,0.031068575,0.027846192,0.027963697,0.038273926,0.032928249,0.030699398,0.030752306,0.030437117,0.026683753,0.030883184,0.038103156,0.030347826,0.028805774,0.031797455
0.0118577,0,0.024541349,0.025909878,0.026976021,0.025555238,0.025921543,0.02248798,0.024618879,0.033915189,0.030277436,0.025246958,0.025678449,0.02536708,0.025642412,0.025582281,0.033589851,0.025933295,0.023553495,0.028837073
-0.021375873,0,-0.006321431,-0.005017808,-0.00374629,-0.005193004,-0.004856114,-0.008466237,-0.004025423,8.70E-05,0.002305624,-0.006144699,-0.005650292,-0.005164591,-0.00549427,-0.005300487,-0.000367119,-0.004749279,-0.008867895,-0.000383501
-0.023704587,0,-0.006296344,-0.005257302,-0.004079485,-0.005761087,-0.005255681,-0.009451922,-0.005613551,0.000587317,0.00087189,-0.007633465,-0.006843549,-0.007000731,-0.008713329,-0.005799941,-3.93E-05,-0.006521515,-0.009596076,-0.000998142
-0.026016675,0,-0.006271438,-0.00666644,-0.005576351,-0.007385467,-0.006727216,-0.01103259,-0.007044759,-0.001190052,-0.001307772,-0.007718657,-0.007767487,-0.00849748,-0.013744129,-0.006970375,-0.001553242,-0.00739767,-0.011588144,-0.003761694
-0.028312319,0,-0.006246711,-0.006852609,-0.005673174,-0.007378283,-0.00670757,-0.010662671,-0.007185997,0.00345412,-0.004125235,-0.005443417,-0.006966113,-0.004485928,-0.004544948,-0.006648144,0.003217456,-0.007576376,-0.00786208,-0.005996495
0.001948993,0,0.021312273,0.022083092,0.023261952,0.021575374,0.022157075,0.018492599,0.022172668,0.031072085,0.025569948,0.022349569,0.02259406,0.022590514,0.021026627,0.022138553,0.031029471,0.022356914,0.022802222,0.023680005
0.036904557,0,0.046162042,0.049877277,0.0503648,0.048359094,0.049500342,0.045872998,0.048803243,0.055892413,0.053085411,0.048179958,0.048799848,0.050137863,0.04734836,0.049825856,0.05599839,0.050112778,0.050064876,0.051075413
0.004363864,0,0.013391995,0.017662711,0.017097317,0.01489993,0.016504578,0.01292003,0.014844153,0.022310752,0.018784822,0.017088263,0.017064205,0.017955414,0.017464607,0.017543749,0.0226176,0.017779866,0.017380195,0.019245477
0.004354531,0,0.010755531,0.01722035,0.015230067,0.013093602,0.014911506,0.011218655,0.013319995,0.022170797,0.017223588,0.017407579,0.013298656,0.017040806,0.017994606,0.017335331,0.022681132,0.017233873,0.01739591,0.01724209
-0.027952917,0,-0.016602423,-0.012412963,-0.015621417,-0.017860407,-0.015626139,-0.019779198,-0.017629221,-0.013439869,-0.013171779,-0.012369864,-0.016616083,-0.012599789,-0.009226885,-0.012159508,-0.012197505,-0.012837166,-0.011917156,-0.014116251
-0.030206907,0,-0.016524334,-0.014456912,-0.018665839,-0.019866534,-0.017993133,-0.023666967,-0.017946137,-0.01597584,-0.01563434,-0.014498682,-0.024101157,-0.01345694,-0.015920301,-0.014509324,-0.010563421,-0.016019131,-0.016130159,-0.015740863
-0.000464837,0,0.013180706,0.009944025,0.00483599,0.002575209,0.007297428,0.001526565,0.008132633,0.017612329,0.008047174,0.008395165,0.009923137,0.010063599,0.011432565,0.009739442,0.01918158,0.00524514,0.008622159,0.006748842
-0.000462576,0,0.013146136,0.008769547,0.003095428,0.001302862,0.00428266,-0.000816404,0.007556909,0.011574592,0.000731003,0.0062448,0.010207517,0.009648216,0.010926548,0.007001536,0.010498545,0.003354615,0.004688904,0.005729634
0.001917792,0,0.010557467,0.013338652,0.004243133,0.001770083,0.005405999,-0.001695027,0.008983949,0.013634599,-0.000305178,0.012068555,0.011113006,0.014069197,0.014218644,0.014551715,0.014353517,0.008193897,0.009841347,0.010473327
0.001914378,0,0.007988467,0.012484474,0.006189349,0.00316898,0.006983333,-0.000210017,0.005004324,0.01597559,0.005652005,0.012600271,0.009659089,0.011884292,0.01312494,0.013910434,0.010680529,0.011828426,0.016841263,0.014556382
0.004272252,0,0.005438905,0.006822532,0.004534535,0.001557238,0.006057071,-0.002624071,0.002047132,0.013171099,0.005573205,0.009599312,-0.008048272,0.011180611,0.008210248,0.010344221,0.00751851,0.008883553,0.011927797,0.008562904
0.004263297,0,0.002908552,0.002394005,0.003100311,-0.000193126,0.004697714,-0.003187731,0.001395036,0.003487357,0.004234949,0.011157823,0.002703294,0.00675461,0.008442668,0.002912684,0.00286929,0.005248983,0.006282983,0.000155503
0.006599046,0,0.002900314,0.002208822,0.000978119,-0.003364842,0.002126844,-0.003884307,0.00337497,0.001944138,0.006816013,0.010216145,0.003591226,0.009071739,0.014728422,0.003545628,0.002954202,0.005848586,0.005174165,0.004178059
-0.020192259,0,-0.021206937,-0.021559202,-0.026887088,-0.030889761,-0.027036628,-0.032043749,-0.025186912,-0.022363031,-0.01771392,-0.021451854,-0.017599823,-0.01604426,-0.014497394,-0.021272697,-0.022265024,-0.012635769,-0.015784269,-0.017653139
0.04717856,0,0.034401427,0.030282071,0.02600119,0.022039835,0.026547936,0.019660596,0.026010361,0.028978164,0.041157417,0.031103279,0.037006767,0.031315768,0.035011629,0.03074753,0.029152976,0.042616418,0.034692741,0.030492266
0.022704118,0,0.005366536,0.001595775,-0.00070922,-0.005511484,-0.000474906,-0.008396077,-0.001173614,8.53E-05,0.009507361,0.003796563,0.008968186,0.002153204,0.00604309,0.002729523,0.001940397,0.011031155,0.001910037,-0.001746926
0.024933272,0,0.002867818,0.002440131,-0.000323519,-0.004937533,0.000501395,-0.006340512,1.73E-05,0.000824713,0.008870741,0.001465898,0.006364944,0.002779278,0.008535589,0.002163839,0.001452345,0.003019936,0.004942735,0.001195282
0.029412122,0,0.000387616,0.002420447,-0.000890504,-0.006820294,-0.000282729,-0.005903487,-0.00037381,0.000136827,0.005916145,0.002335151,0.00411066,0.002197854,0.008824092,0.002465401,0.003549329,-3.37E-05,0.003587454,0.000720854
0.027085921,0,0.000385744,0.000997245,-0.002746544,-0.006366986,-0.002172187,-0.008120831,-0.002422613,-0.001757037,0.00789386,0.000235271,-0.001356864,0.000315724,0.002670392,0.000958217,0.001061939,-0.000697193,0.004530623,0.00109395
0.042702814,0,0.000383886,-0.002531354,-0.002245449,-0.005294661,-0.001011078,-0.007760265,-0.001742824,-0.006025578,0.000397185,-0.000786,0.001587697,-0.000949671,0.002521136,-0.001687737,-0.001899274,0.001858409,0.003521072,-0.000130681
0.013906381,0,-0.025777306,-0.021499094,-0.024419125,-0.028051337,-0.022742729,-0.031172525,-0.025371128,-0.025903237,-0.023650118,-0.020347259,-0.010984071,-0.020522676,-0.022749816,-0.021084194,-0.020106643,-0.020286433,-0.022163899,-0.023379115
0.049017731,0,0.002820394,0.006555947,0.000140656,-0.001813544,0.001975241,-0.002403667,0.003478635,0.00181489,0.005067818,0.008244901,0.022592825,0.007157953,0.010273921,0.007194239,0.006044711,0.010568498,0.008340564,0.004032375
0.02257906,0,-0.023161399,-0.016687587,-0.019967267,-0.021748131,-0.017417888,-0.02945194,-0.022440955,-0.020844287,-0.017527167,-0.015402474,0.008870533,-0.015514078,-0.016366405,-0.016166248,-0.017835721,-0.013347654,-0.013772291,-0.021677099
0.057369321,0,0.00522739,0.011109581,0.008321755,0.006227075,0.011207365,0.00329961,0.010240136,0.006796874,0.018302836,0.011981162,0.036389339,0.011741085,0.017235814,0.011527274,0.012792376,0.019049019,0.018009251,0.013424922
0.035346151,0,-0.020577468,-0.011442254,-0.014901425,-0.017548798,-0.011192671,-0.020968252,-0.013979393,-0.014736751,-0.008953443,-0.012078868,0.009540038,-0.010700321,-0.008933814,-0.011498729,-0.012927393,-0.006234973,-0.001859206,-0.006396677
0.011295834,0,-0.046095111,-0.029567669,-0.034992938,-0.038447614,-0.032287599,-0.041318258,-0.033819723,-0.032439704,-0.031764087,-0.02787497,-0.017132009,-0.029744765,-0.029778155,-0.028838539,-0.029812118,-0.028951514,-0.021944673,-0.028741909
-0.014545707,0,-0.063933345,-0.046206136,-0.052967841,-0.056304603,-0.051163632,-0.059729681,-0.05586103,-0.047906112,-0.055985906,-0.047286418,-0.041803313,-0.047278934,-0.049365009,-0.04640231,-0.047561381,-0.050827133,-0.042750145,-0.051601008
0.013270143,0,-0.031009257,-0.010967714,-0.019028092,-0.022429879,-0.017950289,-0.022716842,-0.026399336,-0.011626316,-0.02349406,-0.01111419,-0.02244471,-0.011806447,-0.01907955,-0.011019863,-0.012586268,-0.019431871,-0.013818962,-0.022647784
0.046914595,0,-0.000980463,0.015735962,0.009532013,0.012129033,0.015014706,0.006587921,0.000755297,0.015711229,0.006032942,0.015361057,0.003366199,0.015266244,0.007663326,0.015655066,0.015939569,0.012816823,0.014321138,-0.001767582
0.021369881,0,-0.023501968,-0.001362952,-0.006687753,-0.004015299,-0.001630533,-0.009916332,-0.022082587,-0.000494905,-0.012825061,-0.002744489,-0.015610693,-0.00165833,-0.013404417,-0.001052399,7.78E-05,-0.00685654,-0.00504832,-0.011975094
0.109199292,0,0.05582845,0.07080166,0.071859685,0.06941477,0.072130838,0.069887959,0.070262982,0.071889261,0.071680225,0.070788711,0.0662485,0.071150042,0.064646182,0.07101455,0.067323626,0.074258915,0.074534959,0.074704246
-0.111893895,0,-0.143875745,-0.120701025,-0.122032131,-0.124592571,-0.123014686,-0.123625062,-0.119831906,-0.11552229,-0.13629042,-0.121507687,-0.133498718,-0.120253398,-0.124183733,-0.120663102,-0.116704595,-0.118175907,-0.118258755,-0.119431175
0.059639325,0,0.017834181,0.032251825,0.032053315,0.029817146,0.030182778,0.028676102,0.033477104,0.034474225,0.037517412,0.0333265,0.022175869,0.030151119,0.027789971,0.032540538,0.029817152,0.037713511,0.036198968,0.035968906
0.00619036,0,-0.028240061,-0.017346458,-0.018089711,-0.010470847,-0.018029437,-0.012941106,-0.015727164,-0.017130376,-0.015018564,-0.018529218,-0.012295437,-0.016916903,-0.014667321,-0.017268466,-0.018983364,-0.015660417,-0.014024095,-0.013779911
0.036427884,0,0.000627948,0.009889852,0.009569197,0.019484174,0.011508303,0.008111466,0.012604143,0.010549026,0.012859327,0.009453652,0.019096837,0.018584545,0.013217978,0.010910269,0.010361436,0.012833907,0.011959057,0.012256449
0.010054701,0,-0.018484243,0.012313711,0.011875905,0.005872348,0.012817589,0.019518802,0.014353023,0.01142064,-0.004058826,-0.011474184,0.005042396,0.003502559,-0.00382773,0.006009692,0.008506076,-0.004000312,-0.006314424,-0.005579741
-0.017781734,0,-0.037210619,-0.028143541,-0.030684028,-0.011565184,-0.032382743,-0.027693169,-0.02878569,-0.029735708,-0.041044823,-0.037260054,-0.014302651,-0.005794779,-0.030433752,-0.033060613,-0.026948327,-0.041096804,-0.042735853,-0.042005837
-0.021319287,0,-0.032214931,-0.009789362,-0.012393933,-0.032330953,-0.028199744,-0.012472696,-0.010862185,-0.011345681,-0.024843747,-0.025398915,-0.036589491,-0.022390483,-0.014281757,-0.021747423,-0.009343575,-0.024962657,-0.023917494,-0.022751297
-0.026698577,0,-0.02961793,-0.005911571,-0.008538627,-0.032618323,-0.013529342,-0.013026587,-0.007075604,-0.006379945,-0.017218087,-0.02481547,-0.042846616,-0.016449106,-0.015124783,-0.022662656,-0.004431151,-0.017484841,-0.01436326,-0.013176072
0.021931285,0,0.020855624,0.037630859,0.035446532,0.003741515,0.0287754,0.035650157,0.027483433,0.035713002,0.029665313,0.024437544,-0.008133817,0.022822865,0.033438312,0.027033002,0.034697739,0.029073773,0.036445983,0.037596496
-0.035542848,0,-0.022387035,-0.003157636,-0.004942972,-0.035362205,-0.00538158,-0.006892008,-0.007059595,-0.007623562,-0.006516203,-0.008027327,-0.049186503,-0.017188798,-0.008852748,-0.007553333,-0.005108249,-0.006874397,-0.00057543,-0.000259122
-0.010499851,0,0.004734303,0.01683393,0.015128852,-0.019744136,0.013633736,0.014318324,0.016901443,0.010869134,0.014439228,0.016371894,-0.030698005,0.005348063,0.011567535,0.016857938,0.015369853,0.013950207,0.011570353,0.013779239
0.01781457,0,0.035953897,0.031442031,0.029267866,0.005282616,0.027406663,0.029395356,0.030661197,0.023069809,0.029367573,0.029221965,-0.007712488,0.020544587,0.026818831,0.029671746,0.031020807,0.028722073,0.016844195,0.021299337
-0.062503155,0,-0.041804548,-0.034542378,-0.037655939,-0.059282419,-0.040726628,-0.041329706,-0.036449703,-0.046848687,-0.035956566,-0.035813196,-0.057160648,-0.050443637,-0.044374134,-0.03330027,-0.035018595,-0.037032909,-0.048455822,-0.046211706
-0.091084576,0,-0.054312393,-0.03083694,-0.033959257,-0.0642881,-0.038916313,-0.036940538,-0.033258292,-0.046234238,-0.046409882,-0.036387952,-0.047551047,-0.067786187,-0.039667704,-0.034389122,-0.031094136,-0.047548409,-0.04709127,-0.052080222
-0.020800961,0,0.017429239,0.031750094,0.028075062,0.028574456,0.021022309,0.023349521,0.028143865,0.017216537,0.007371461,0.022292397,0.017130316,0.002162536,0.020577165,0.024144796,0.031702165,0.005234187,0.009911472,0.014150493
-0.045882998,0,-0.001957409,0.007385913,0.002200941,-0.000692173,-0.004229133,-0.004326618,0.001374172,-0.007541401,-0.024239043,-0.006142745,-0.013458317,-0.01169375,-0.008272099,-0.002938987,0.007569378,-0.026875129,-0.026177013,-0.020648434
-0.023979379,0,0.021333039,0.035145128,0.028157248,0.024366246,0.021521202,0.016133225,0.02640588,0.023550112,-0.012287838,0.012151221,0.011764214,0.008284577,0.011780458,0.01803647,0.034812335,-0.015581122,-0.008336686,-0.006830715
-0.027353472,0,0.018982197,0.023607481,0.014824724,0.003744295,0.008948218,-0.006822097,0.012177639,0.007749002,-0.034817417,-0.011516031,-0.00843652,0.005154049,-0.009719058,-0.003952988,0.024573351,-0.039643825,-0.040641442,-0.031525893
-0.007788724,0,0.03756884,0.029953396,0.019512079,0.011297705,0.013244016,-0.004829848,0.01605966,0.013565168,-0.021084631,-0.016524501,-0.001480257,0.010011338,-0.008229221,-0.012143997,0.029988992,-0.026869449,-0.029962202,-0.021040422
0.013299648,0,0.0539447,0.040765233,0.029397319,0.023261094,0.020662151,0.015670495,-0.010945936,0.024219001,-0.014743561,-0.006609033,0.010292588,0.010542564,0.009519962,-0.005029055,0.041047308,-0.019441225,9.38E-05,0.000543241
0.011475225,0,0.051641062,0.026662782,0.016115871,0.012046761,0.007786048,0.007760102,-0.008065541,0.014659456,-0.021120111,-0.002870981,-0.000418988,0.009188232,-5.66E-05,-0.016547302,0.026265376,-0.018253714,-0.014526191,-0.003055047
0.037672054,0,0.065933221,0.03485063,0.024257713,0.032289867,0.015921509,0.026981897,0.001097157,0.02396559,-0.008550523,0.003405004,0.018758666,0.019000391,0.017566516,0.007180568,0.035121065,-0.010796331,0.010846567,0.023634633
-0.031964151,0,-0.002195352,-0.029740451,-0.040241022,-0.022006744,-0.04920036,-0.031050881,-0.0530161,-0.041739979,-0.066676399,-0.058502211,-0.035162334,-0.038075228,-0.042085857,-0.055543933,-0.029448994,-0.062992862,-0.036727929,-0.035978522
-0.057561491,0,-0.020568746,-0.034733059,-0.04983103,-0.026389182,-0.055473361,-0.028250281,-0.055143863,-0.04706988,-0.052786269,-0.053655239,-0.040003169,-0.032200894,-0.039862245,-0.048932766,-0.033952574,-0.052517222,-0.033597268,-0.021288108
0.011257373,0,0.038297563,0.028529585,0.018743989,0.036735041,0.008905965,0.035971218,0.030339232,0.016682276,0.024751675,0.024726451,0.029884405,0.033158858,0.024977482,0.028482,0.028592301,0.024130376,0.043945096,0.056217046
-0.034747007,0,-0.012153385,-0.010715352,-0.019728871,-0.00766809,-0.030688022,0.006146041,-0.005367131,-0.020831578,-0.004340711,-0.000885033,-0.016533296,-0.004264242,-0.005892167,-0.042872294,-0.008619885,-0.003226886,0.008541483,0.020166628
-0.012549553,0,0.007934127,0.01888235,0.010860864,0.030227654,0.008296512,0.040040296,0.021431395,0.010100125,0.033404462,-0.000893882,0.018651488,0.023895251,0.028320671,-0.01273338,0.019145185,0.027935163,0.034516531,0.043846344
-0.037721965,0,-0.015923619,-0.004707844,-0.006541865,0.019125998,-0.019002315,0.009074571,-0.000823907,-0.013491958,0.013406286,-0.022940812,0.005946277,-0.004327952,-0.002071407,-0.017167674,-0.003783312,0.008988329,0.006859905,0.014938571
-0.015790824,0,0.003940898,0.009378295,0.008422706,0.038746412,-0.000249492,0.026825115,0.0123827,-0.000489356,0.033600405,0.019713436,0.0167459,0.012533426,0.015613005,0.022707883,0.009007471,0.029117697,0.020796591,0.028556866
0.00757784,0,0.021689481,0.022842643,0.029611721,0.059956487,0.031462827,0.047905501,0.028304315,0.021056095,0.072604545,0.037276121,0.030199918,0.039924259,0.037081471,0.039363874,0.026182787,0.066461565,0.049486479,0.058545557
0.037558797,0,0.039362131,0.029337496,0.043267338,0.069531007,0.04255617,0.058985408,0.043901943,0.0278888,0.086005257,0.050203556,0.046102965,0.050065609,0.048341307,0.052506215,0.02902515,0.078278779,0.06371807,0.07394114
0.040856156,0,0.037392773,0.013953607,0.020440967,0.065658443,0.036841434,0.047303943,0.026005024,0.017223762,0.075509589,0.031870992,0.042981069,0.044315856,0.037352753,0.033675861,0.013096307,0.065937476,0.05177653,0.062782978
0.045799288,0,0.035434437,0.005756147,0.013683857,0.051204721,0.021701681,0.033530492,0.016932259,0.005201153,0.047020446,0.023153981,0.030283261,0.032698954,0.024789407,0.025272057,0.004722524,0.027398164,0.024562218,0.042217078
0.001203042,0,-0.003707921,-0.026748078,-0.019669647,-0.00346537,-0.025404035,-0.011240733,-0.026473321,-0.032554191,-0.000830161,-0.021555259,-0.021985541,-0.015151294,-0.01982304,-0.020706378,-0.022843239,-0.012533794,-0.004824338,0.003716107
0.001208528,0,-0.00556807,-0.013427647,-0.020677023,0.007583845,-0.019410926,-0.012895012,-0.023459184,-0.025211348,-0.017509963,-0.014413954,-0.013814815,-0.01186245,-0.021193298,-0.013557558,-0.01326899,-0.033818419,-0.013635435,-0.003799503
0.001213836,0,-0.009257464,-0.004731453,-0.010041225,0.008543257,-0.016389094,-0.011335411,-0.012239504,-0.015825462,-0.021990735,0.008890729,-0.011045912,-0.006926141,-0.018093415,0.011030805,-0.003098452,-0.030449728,-0.021082161,-0.014216695
0.001218972,0,-0.007372555,0.002758318,-0.000878271,0.013897662,-0.009997827,-0.005277572,-0.0140795,-0.006147063,-0.001401675,0.011035517,-0.004508123,0.000349946,-0.01170496,0.014164886,0.003905822,-0.006577622,-0.009131726,-0.005626583
-0.000406053,0,-0.009174643,0.002581019,0.006596583,0.016467527,-0.009600304,0.008302764,-0.004412137,0.005571944,-0.006889353,0.016548313,-0.001722306,0.002794625,0.002834918,0.021508105,0.0046875,-0.01134454,0.000711457,-8.39E-05
-0.000393317,0,-0.009133766,0.00248855,0.007745405,0.018069689,-0.012021385,0.006387596,-0.001159178,0.00385181,0.049109319,0.022364939,0.000149788,-0.000761606,0.001937896,0.023312069,0.00190235,0.006801934,0.006891061,0.029386625
0.02358937,0,0.008013404,0.016775717,0.035656899,0.042115901,0.019710942,0.041434362,0.02055128,0.022475997,0.052848877,0.040953025,0.026063038,0.033076216,0.027191914,0.044146889,0.017547624,0.014686193,0.038514659,0.054261413
0.002842824,0,-0.012670023,-0.004116496,0.010803172,0.014997508,0.010630612,0.020468085,-0.002462186,0.000667427,-0.010733032,0.016297733,0.006429375,0.014214323,0.003280004,0.018618652,-0.004368858,-0.002560015,0.01677298,0.024486807
0.004435677,0,-0.010820187,-0.002458475,0.012053805,0.011085913,0.003186321,0.008773167,-0.001717614,-0.000148724,0.000663496,0.020489912,0.001558962,0.014111502,0.006919342,0.021327497,-0.002983618,0.012098691,0.018164046,0.02473576
-0.06150953,0,-0.062990024,-0.043271526,-0.041825623,-0.042675698,-0.046146956,-0.043084559,-0.055990968,-0.043051408,-0.043978502,-0.038960113,-0.053371812,-0.030486073,-0.043718066,-0.035603286,-0.043489305,-0.047308888,-0.041017977,-0.03543403
0.001253071,0,0.001748667,0.020572678,0.027600158,0.019488582,0.020142688,0.027258507,0.012955695,0.021546275,0.014223445,0.029899475,0.009635678,0.03535112,0.024364003,0.033281802,0.0205403,0.033213947,0.031875314,0.036876214
-0.017293059,0,-0.013059108,0.001783543,0.013332743,0.000448165,-0.0011179,0.01304453,-0.001836986,0.005626536,0.00430435,0.018182299,-0.009402109,0.015047337,0.010262643,0.021466893,0.001672538,0.011357137,0.010662442,0.014005266
0.02905939,0,0.025269713,0.033111213,0.053673075,0.042934425,0.037394325,0.057498679,0.041688691,0.039856052,0.052631982,0.049786847,0.028551743,0.042223436,0.052850393,0.051466373,0.033238855,0.048740356,0.049930085,0.052444567
0.012091752,0,0.005217002,0.00049082,0.036873787,0.01792153,0.022918097,0.04062466,0.026876315,0.022062347,0.03413243,0.030411167,0.01064605,0.015266969,0.033432313,0.032800365,7.43E-06,0.028702861,0.02497311,0.028369583
0.015103266,0,0.005181434,0.00133702,0.031888584,0.01956856,0.022341367,0.037718057,0.017796032,0.017775142,0.013603132,0.019641034,0.008619931,0.003975103,0.031240896,0.0190745,0.001890958,0.008995166,0.023891545,0.027482717
0.016561649,0,0.005146316,-0.001510548,0.032451042,0.016809491,0.022860907,0.023093022,0.02128649,0.014104392,0.016913514,0.02015006,0.010337901,0.008939474,0.017984019,0.022513216,-0.00214259,0.011383828,0.010456687,0.011268059
0.042206384,0,0.023041554,0.015317769,0.041639368,0.037276282,0.040437149,0.045104642,0.030769384,0.025148354,0.038004357,0.030470895,0.024881605,0.030041471,0.034072811,0.031194394,0.016029968,0.034353304,0.028110228,0.026595176
0.026937842,0,0.003360155,-0.003873527,0.016834299,0.01193486,0.024604214,0.022181337,0.008051547,0.005965267,-0.00305773,0.01022725,0.006490051,0.012696209,0.007622294,0.014109987,-0.004380891,0.004706873,0.014089722,0.018438634
0.007323039,0,-0.012701453,-0.015544108,0.004864574,-0.003020291,0.008936873,0.011233612,-0.008888323,-0.005558435,-0.007734035,-0.009610076,-0.014291256,-0.002576245,-9.89E-06,-0.00516081,-0.015521268,-0.005772857,0.004091013,0.006981012
0.02815012,0,0.006721047,0.004208844,0.016842225,0.024256265,0.035820041,0.019525027,0.014090115,0.014239658,0.015732652,0.007688515,0.010587466,0.01678541,0.013999009,0.014983193,0.004211255,0.017363768,0.025962189,0.02753445
0.011672035,0,-0.010878541,-0.006868413,-0.001859383,0.003184693,-0.001776175,0.000235822,-0.001140398,-0.006294896,-0.008132977,-0.007792028,-0.005394764,-0.01361331,-0.005318534,-0.002396384,-0.006136078,-0.006849172,0.016397422,0.017917842
0.036586791,0,0.003246075,0.011240367,0.019292383,0.022498124,0.023672971,0.021322446,0.006598893,0.013092466,0.026402395,0.019236858,0.013053958,0.007695676,0.015358901,0.023924851,0.011371086,0.028320191,0.033676206,0.0346136
0.021652167,0,-0.014141333,-0.007145878,0.010199778,0.009210542,0.00824927,0.016264173,-0.008395637,0.001417639,0.000494728,0.003497949,-0.001817057,-0.005405247,0.010321992,0.006266346,-0.00781424,0.002227261,0.016735397,0.016960451
0.005444784,0,-0.0312912,-0.015223912,0.017635908,0.003795011,0.00680596,0.019522962,-0.001514694,-0.007002213,-0.00958299,-0.003486721,-0.007179992,-0.002316698,0.011568858,-0.005324436,-0.016532296,0.000495396,-0.007997729,-0.008030803
-0.010517703,0,-0.043157478,-0.022273859,-0.008829086,-0.001781087,-0.013073878,-0.000333669,-0.01690769,-0.021585586,-0.021434733,-0.017054124,-0.013961561,-0.012022564,-0.003210633,-0.017235032,-0.020722532,-0.009419301,-0.003526273,-0.003624177
0.012388223,0,-0.020920648,0.003509622,0.017815865,0.016325676,0.010173953,0.014207638,0.015624499,0.007545703,0.011053604,0.014240056,0.009018588,0.013653659,0.017694616,0.012430486,0.001695648,0.007474901,0.009505976,0.009402789
0.016454826,0,-0.017494119,0.005762756,0.018528536,0.018811394,0.006704643,0.012004229,0.005112218,0.004530182,0.007908063,0.014586726,0.009033675,0.011322876,0.006148878,0.015094017,0.007433797,0.013837974,0.011572579,0.011462541
0.038804771,0,0.002566989,0.018183788,0.036453581,0.035704925,0.032654761,0.031061422,0.028623098,0.021913199,0.023202107,0.025599976,0.027645803,0.027078379,0.027404255,0.027712544,0.018846089,0.021657213,0.033747125,0.033744827
0.00349192,0,-0.027339969,-0.01559092,0.009833535,0.007773297,-0.00113635,-0.001810814,-0.002270511,-0.006224596,-0.014616919,-0.014545334,-0.001908152,-0.009166355,-0.009334393,-0.009115215,-0.016092532,-0.00697804,-0.000115757,-0.011908803
0.006182031,0,-0.022262982,-0.008546479,0.016245834,0.009804813,0.007445395,0.006585385,0.004674164,-0.000644049,-0.011403788,-0.014811751,0.000449924,-0.010560974,0.000429068,-0.008355051,-0.008686815,-0.003411672,0.011392936,0.011515554
0.047283096,0,0.013670566,0.019796293,0.048970346,0.045664145,0.04554538,0.043929894,0.039995368,0.028792113,0.02015148,0.020851363,0.033866211,0.028385991,0.032018328,0.026371045,0.019815471,0.026399455,0.032914283,0.032910986
0.053568602,0,0.015173369,0.016804117,0.048975831,0.050014582,0.046310147,0.036609671,0.032798439,0.023662472,0.01379584,0.027240855,0.033901226,0.027154495,0.029867178,0.024192292,0.016621859,0.019525124,0.024405749,0.024346516
0.024302553,0,-0.017100231,-0.014572745,0.016533487,0.01916397,0.009400104,0.000838969,-0.001353978,-0.017065859,-0.000282984,0.002888776,0.007641031,0.00627577,0.003332374,0.001830503,-0.010201108,-0.000268272,-9.68E-05,-0.000108708
0.010441582,0,-0.028139272,-0.022715255,0.00355483,0.001864996,-0.008143649,-0.005044981,0.001151064,-0.022100661,-0.0108063,-0.001808031,-0.007507859,-0.015111369,-0.009562632,-0.005556419,-0.023050892,-0.010903398,-0.009150266,-0.009170525
0.015432765,0,-0.023175652,-0.009915109,0.00524066,0.001163348,0.010420637,0.004055073,-0.011467858,-0.011427213,-0.012079346,0.002394992,-0.00871146,-0.00539043,-0.001467175,0.000749626,-0.012769516,-0.012182921,-0.011054691,-0.011035746
0.016609736,0,-0.01986316,0.000624061,0.003144313,0.000425439,-0.003794919,-0.006199698,-0.002549914,-0.01200171,0.002630507,-0.009262156,-0.012761475,-0.019632878,-0.010046768,-0.008898339,0.001782783,0.002506829,0.001469062,0.001485048
-0.000456566,0,-0.033580053,-0.007103622,0.000111971,-0.009032978,-0.005219333,-0.010764768,-0.010189681,-0.013830622,-0.004910819,-0.002300497,-0.021282606,-0.011111412,-0.018438441,-0.000766831,-0.00798534,-0.004674155,-0.001515184,-0.001504154
-0.000347871,0,-0.028653343,-0.001949118,0.00352487,-0.006628629,-0.010449313,0.008827296,-0.007994556,-0.003713701,-0.001731493,-0.005703225,-0.01785498,-0.007480774,0.000677364,-0.005523234,-0.001483733,-0.001517972,0.012392999,0.012391242
-0.008682504,0,-0.023823444,0.00147698,0.001091891,-0.00529296,-0.010859076,0.006556275,0.007451971,-0.002269724,0.004879115,-0.000817277,-0.015796716,-0.000296857,0.00489949,0.001887574,0.002572071,0.00490667,0.003419235,0.003465775
0.006724252,0,-0.002655939,0.015803696,0.019794365,0.014825098,0.008908742,0.020232595,0.01329196,0.014943514,0.015588288,0.014527036,0.002217503,0.00910715,0.016404965,0.015544862,0.015027502,0.015583318,0.013731623,0.013665903
0.00673196,0,-0.001183718,0.011011737,0.026161516,0.015472896,0.010379903,0.017261715,0.015868139,0.015641656,0.007097365,0.009002578,0.005739475,0.007201435,0.007695268,0.010998896,0.010451894,0.007101664,0.008493463,0.008670384
-0.009379099,0,-0.014376282,-0.002672244,0.015740491,0.005000181,-0.007214304,0.007432758,0.005540118,-0.002508149,-0.00884342,-0.002882559,-0.010949931,-0.014523597,0.003331262,-0.002992059,-0.000353281,-0.00883908,-0.004233471,-0.004102428
-0.008033369,0,-0.00837957,-0.000897793,0.014650429,0.005497232,-0.005839015,0.009772955,-0.006260119,-0.008764337,-0.001817654,-0.007626575,-0.008342687,-0.015819401,0.003460839,-0.008375604,0.002198897,-0.0017548,0.006799745,0.006892796
-0.024788635,0,-0.016800593,-0.00800433,0.000137707,-0.00578385,-0.017233222,-0.005111643,-0.012026978,-0.022588406,-0.007090222,-0.023729717,-0.023898515,-0.017262617,-0.015204849,-0.023788771,-0.007640722,-0.007150517,-0.0048549,-0.004957206
-0.058939898,0,-0.040560321,-0.020403774,-0.020994251,-0.025933866,-0.034281637,-0.026935478,-0.029623697,-0.042947209,-0.03113817,-0.030529597,-0.043785771,-0.0354509,-0.033938197,-0.034948095,-0.020882063,-0.030894398,-0.027876022,-0.029029135
-0.044979347,0,-0.020421319,0.002534508,-0.002515584,-0.010219487,-0.019603719,-0.002770995,-0.007673451,-0.017382842,-0.002846122,-0.008903066,-0.024940445,-0.013034519,-0.009069111,-0.00792263,0.004899398,-0.002449584,-0.005081364,-0.00592516
-0.065080016,0,-0.029725814,-0.002189939,-0.014360949,-0.022758247,-0.045772018,-0.007430071,-0.026589125,-0.03310434,-0.021619154,-0.021455978,-0.039494764,-0.036146446,-0.023090063,-0.023415507,0.003141143,-0.020766997,-0.010359021,-0.010750759
-0.022710129,0,0.01692804,0.034692773,0.021738289,0.013920703,-0.009510121,0.02614334,0.00472718,0.001133635,-0.002902372,0.023634641,0.003243598,0.004690064,0.016135314,0.02613312,0.040489139,-0.001743229,0.007140444,0.006087342
-0.024665366,0,0.016673999,0.021641001,0.013980763,0.010505266,-0.014339623,0.010707888,-0.010714958,-0.001134031,-0.014135671,0.005779167,-0.002980211,-0.011937807,0.001425131,0.003730747,0.019922852,-0.011881075,-0.004499093,-0.006551744
-0.02437994,0,0.01642675,0.016135358,0.012543125,0.013567775,-0.013761141,0.004204552,-0.009510585,0.005007167,-0.014169737,-0.007700777,-0.007299731,-0.016183831,-0.009142838,-0.010076166,0.010439283,-0.012566998,-0.007429938,-0.009161708
0.087792646,0,0.109013593,0.074189374,0.09731167,0.109705655,0.08913924,0.079731216,0.086723784,0.080570367,0.058539127,0.063584956,0.071979307,0.066396428,0.072466546,0.059060642,0.07127527,0.059514837,0.06883695,0.067508125
0.015860775,0,0.034392541,-0.002430722,0.026628377,0.032479131,0.01776396,0.010107684,0.026714161,-0.001929004,-0.017785274,-0.014259126,-0.005502057,-0.012520718,0.003094313,-0.016367406,-0.004211678,-0.016940599,-0.010319406,-0.011200268
0.003509383,0,0.019630484,-0.01035363,0.021089804,0.023603604,0.021709388,0.000270378,0.026312451,-0.005913555,-0.022430257,-0.015671972,-0.012301033,-0.005863847,0.002408059,-0.017588288,-0.01135741,-0.017294176,0.007954828,0.007701509
-0.016104115,0,0.005084512,-0.021914973,0.007875126,0.014439782,0.017610402,-0.013805966,0.012204102,-0.025692413,-0.015651203,-0.024660283,-0.025905869,-0.008119002,-0.004113047,-0.023517709,-0.020495419,-0.022648647,-0.012466975,-0.01440196
-0.035356605,0,-0.007884235,-0.009851039,0.000941682,0.002039516,-0.000952561,-0.027248986,0.002525118,-0.036493241,-0.029377116,-0.023925934,-0.037984534,-0.026243468,-0.019703524,-0.022342012,-0.010047029,-0.042470007,-0.033253409,-0.036071387
-0.026258341,0,0.004853087,0.008874997,0.016836118,0.022797016,0.016415261,-0.012155727,0.017968979,-0.00841755,0.009887418,0.000560894,-0.022486008,-0.01133493,-0.015528689,0.000112664,0.0102786,-0.006104236,0.006878138,0.006596147
-0.031263119,0,0.000895643,0.010230846,0.008040436,0.025000497,0.01740264,0.003499466,0.006945093,-0.005701133,-0.000509764,-0.010798213,-0.017136757,-0.017480122,-0.01810971,-0.01005806,0.010307798,-0.016425105,-0.018033127,-0.018480486
-0.036212617,0,-0.001700841,0.010304441,0.006986608,0.017937783,0.010481478,0.004804209,0.012130152,-0.003559756,-0.002957853,-0.015934297,-0.011482501,-0.008589024,-0.021202543,-0.019584432,0.010366032,-0.01370357,-0.025177249,-0.000544026
-0.014958375,0,0.019315486,0.025219154,0.025419002,0.039232087,0.02370947,0.026422564,0.028458008,0.016988513,0.024516297,-0.001286327,0.015199384,0.007382183,-0.002673206,-0.003472612,0.025128293,0.030788567,0.014198344,0.025307776
-0.003412165,0,0.029015788,0.025286673,0.030426748,0.043804379,0.030543289,0.027182711,0.03087275,0.021349733,0.037069158,0.007061224,0.037099127,0.02892021,0.019295551,0.009306916,0.028708518,0.042595712,0.033494678,0.044628691
-0.013702002,0,0.012879552,0.006713396,0.027430858,0.02824549,0.010709904,0.001218338,0.021175111,0.00075625,0.007707668,0.010922384,0.025208763,0.014824642,0.011052286,0.0132622,0.006292409,0.020687021,0.009188903,0.017304407
-0.037187852,0,-0.013997422,-0.014539873,0.0042411,-0.002137055,-0.023732521,-0.017865709,-0.024568499,-0.033205152,-0.020920897,-0.004535085,0.001266288,-0.007134037,-0.009569388,-0.004319808,-0.019248379,-0.011026286,-0.001960594,-0.012747943
-0.068356053,0,-0.029540167,-0.023414687,-0.015783811,-0.016669844,-0.049616498,-0.03596035,-0.047913495,-0.054872454,-0.041749883,-0.011072143,-0.012890253,-0.023048006,-0.026661901,-0.013811201,-0.018668974,-0.032571022,-0.011205829,-0.030446066
-0.033512471,0,0.011258883,0.016979407,0.008319269,0.027902701,-0.003561384,-0.011644926,-0.007272779,-0.01937587,-0.005363755,0.019032762,0.026825678,0.012742844,-0.00044152,0.015726275,0.022042756,0.005612439,0.005375329,0.005262149
-0.06834127,0,-0.012520074,-0.001129184,-0.027185426,0.000317746,-0.029735261,-0.04073257,-0.033613524,-0.046775353,-0.030733212,-0.010826194,-0.004899209,-0.022181275,-0.032813818,-0.009269135,-0.004768912,-0.01065226,-0.013633448,-0.030634093
0.01049009,0,0.059169812,0.054227885,0.042643731,0.060987437,0.04281187,0.041947546,0.043922951,0.009678224,0.023404142,0.053245495,0.053289367,0.037947244,0.039298748,0.051681254,0.047636629,0.042670239,0.055646395,0.026517363
-0.007479507,0,0.040197444,0.021166872,0.020108013,0.037366371,0.023446861,0.019187247,0.020284338,-0.008837882,0.001867754,0.018578496,0.02405987,0.005695167,0.009980829,0.018068219,0.010172332,0.014154741,0.001549009,0.001980934
-0.000774774,0,0.047052084,0.028773013,0.028250588,0.035070304,0.024616731,0.018603197,0.022662951,0.001769117,-0.005315602,0.018380046,0.023914249,0.004912371,0.01176219,0.018504528,0.026670552,0.012713917,0.017196033,0.010744431
-0.001790842,0,0.041140424,0.019408851,0.012343139,0.030605055,0.017606724,0.002079079,0.00758279,-0.006303469,-0.005601673,0.004633308,0.017307391,-0.010003087,-0.002112047,0.005817483,0.011855353,0.008604398,0.009698516,0.007170281
-0.003821646,0,0.035302061,0.006243434,0.02626979,0.027868681,0.014201557,-0.006280111,0.023679271,-0.012444106,-0.014085606,0.014789601,0.015700268,-0.004984366,0.003088915,0.015412226,0.007196007,0.00647362,0.002077826,-0.008947839
0.035273366,0,0.066582143,0.02784216,0.045606278,0.056908727,0.045313948,0.019781724,0.042401333,0.018825556,0.011674785,0.029888017,0.045600206,0.026733017,0.033660232,0.033553366,0.030181415,0.032828377,0.021693321,0.013939231
0.001266016,0,0.02616286,-0.006956,-0.007289619,0.018605168,0.002125583,-0.027004235,-0.023353848,-0.024884997,-0.040191043,-0.007728691,0.010811858,-0.014744753,-0.026485504,-0.009774642,0.002329364,-0.006549956,-0.022872412,-0.043709895
-0.079317051,0,-0.046313871,-0.049525178,-0.071286228,-0.049460275,-0.07232585,-0.092117934,-0.09027928,-0.090040833,-0.108088604,-0.08441495,-0.051954805,-0.070159745,-0.097575104,-0.086924377,-0.045065105,-0.079370309,-0.078878943,-0.102511301
-0.112418824,0,-0.067498832,-0.044715247,-0.097055122,-0.079363689,-0.104315643,-0.105579111,-0.105247188,-0.110775248,-0.144630828,-0.089009699,-0.080053373,-0.089815248,-0.127830465,-0.087143463,-0.023131029,-0.102484108,-0.094976125,-0.109343616
-0.038380989,0,0.001816612,0.026768369,-0.028096134,-0.015984223,-0.040740563,-0.031876749,-0.043150966,-0.033013207,-0.078580254,-0.025771145,-0.021907772,-0.025072002,-0.053217263,-0.021347276,0.023970251,-0.039661789,-0.033591322,-0.051095235
-0.000322045,0,0.033351256,0.048064789,0.005692724,0.015171323,-0.008749226,0.000951463,-0.005265175,-0.00293581,-0.042155834,0.010691955,0.005985631,0.010495056,-0.023683857,0.017700869,0.055460058,0.000569516,0.019746575,-0.005376273
0.027260648,0,0.048227375,0.051668322,0.034845482,0.034507325,0.020195744,0.026749112,0.016436697,0.019263339,-0.008461002,0.03398113,0.034302037,0.040917523,0.017144281,0.039554675,0.034305299,0.04181847,0.037808573,0.021475936
-0.021878701,0,6.63E-05,-0.014875289,-0.017033229,-0.00164226,-0.028686917,-0.023508676,-0.033435314,-0.018744555,-0.054461307,-0.021678853,-0.01076563,-0.017690272,-0.032819001,-0.021048457,0.000844812,-0.015097436,-0.01158546,-0.033253095
0.043381302,0,0.056041277,0.024284304,0.037375303,0.054336365,0.027385751,0.028919298,0.022631892,0.04277739,-0.005692105,0.017449306,0.028780382,0.030529327,0.021675657,0.022566444,0.034658744,0.025143706,0.010555272,-0.004086621
0.073962568,0,0.074334548,0.024782406,0.031221863,0.051388562,0.046817255,0.033022536,0.018332885,0.063218441,-0.012417755,0.022020822,0.023280009,0.03220431,0.031290174,0.019454977,0.032854807,0.026104286,0.020954481,-0.003063553
0.01746629,0,0.011865591,-0.019501692,-0.018584679,-0.035685961,0.000568025,-0.030662337,-0.027305219,0.012294973,-0.052389652,-0.000779904,-0.036262476,-0.015988898,-0.04112826,-0.005422913,-0.006827154,-0.003488554,0.000912961,-0.033314303
0.033619304,0,0.022002329,-0.010975667,-0.023145642,-0.01527784,0.001751322,-0.028261825,-0.031583465,0.030763136,-0.036495347,-0.004723375,-0.020356218,5.61E-05,-0.033653344,-0.003324484,0.003131408,0.010994728,0.015776134,-0.017591028
0.035531621,0,0.023034712,-0.011984027,-0.020658304,-0.012289237,-0.012243224,-0.032154706,-0.029930661,0.021105036,-0.061675506,-0.005752172,-0.022668766,-0.012507632,-0.04294736,-0.011100391,-0.005717015,-0.019225232,-0.009605427,-0.025604645
-0.040783087,0,-0.046102145,-0.05692201,-0.084039785,-0.074477451,-0.083611109,-0.085860841,-0.093384424,-0.055401849,-0.123098761,-0.053142124,-0.090388656,-0.051595857,-0.098725894,-0.068112673,-0.041666956,-0.058973159,-0.056630554,-0.092925206
-0.006051316,0,-0.014652882,-0.007166114,-0.038462112,-0.020088255,-0.034782503,-0.035670557,-0.047866326,-0.012638344,-0.071432242,-0.000977957,-0.040529469,0.001069059,-0.051916897,-0.007922583,0.000468205,-0.002820823,-0.003181045,-0.039149639
0.018180809,0,0.000271943,0.00359466,-0.01656484,-0.01171311,-0.001352288,-0.019365123,-0.029045318,0.017560917,-0.031961198,0.003258617,-0.002993862,0.033484912,-0.0159941,0.006383362,0.01763357,0.020517218,-0.006695482,-0.015515233
-0.006009044,0,-0.024877031,-0.010287718,-0.035451493,-0.015352571,-0.027396181,-0.031911616,-0.04381301,-0.001146425,-0.048614649,-0.005593817,-0.019376157,0.012821603,-0.036395177,-0.003478932,-0.002278707,0.015646772,-0.004849575,-0.010309342
0.006041953,0,-0.011749909,0.00816083,-0.009186241,-0.013241431,0.004935735,-0.024792721,-0.008551667,0.007575174,-0.029451258,0.022340374,-0.011098367,0.017497807,-0.032659774,0.020053827,0.006349783,0.02827474,0.012624159,0.003431334
0.006026659,0,-0.008649603,-0.004214224,0.00333541,0.004842066,0.011621731,0.006576079,-6.75E-05,0.00541198,-0.006546936,0.017726506,0.003461173,0.006263028,0.012679805,0.017639811,-0.009276239,0.021379742,0.026696878,0.010661712
-0.005939858,0,-0.020562791,-0.013273526,-0.003500142,0.008386385,0.009800149,0.005939106,-0.007156183,0.006479587,-0.010615346,0.004737501,0.005953639,0.004399664,0.005824908,0.010031199,-0.012486204,0.008226086,0.02212487,0.004585923
0.005042048,0,-0.004518597,-0.001827389,0.012076551,0.012155499,0.032509052,0.0139421,-0.004215373,0.016642695,0.009064507,-0.002789562,0.007922553,0.0195019,0.011117718,0.025958664,-0.002168927,0.025272799,0.030038485,0.02016318
0.00408228,0,0.001615951,-0.003019038,0.009164598,0.017136439,0.033765741,0.009585073,-0.009188639,0.019273273,0.00470565,-0.0010312,0.018528709,0.023721499,0.011417487,0.012914771,-0.001374622,0.026906794,0.025528249,0.017405213
